Date	Treatment	Dye	Dilution	pop	count	Fungalight Green-H	Fungalight Red-H	sample
2023-11-20	0	PI	1000	singlet	15889	72	59	112023_dilutions_Experiment_Plate_0_1000_p.fcs
2023-11-20	0	PI	1000	PI-positive	48	64	1022.5	112023_dilutions_Experiment_Plate_0_1000_p.fcs
2023-11-20	0	PI	1000	Intermediate	0	NA	NA	112023_dilutions_Experiment_Plate_0_1000_p.fcs
2023-11-20	0	PI	1000	unstained	12903	67	58	112023_dilutions_Experiment_Plate_0_1000_p.fcs
2023-11-20	0	SYTO9	1000	singlet	17262	434	63	112023_dilutions_Experiment_Plate_0_1000.fcs
2023-11-20	0	SYTO9	1000	PI-positive	0	NA	NA	112023_dilutions_Experiment_Plate_0_1000.fcs
2023-11-20	0	SYTO9	1000	Intermediate	76	39472.5	989	112023_dilutions_Experiment_Plate_0_1000.fcs
2023-11-20	0	SYTO9	1000	unstained	835	78	58	112023_dilutions_Experiment_Plate_0_1000.fcs
2023-11-20	0	PI	2000	singlet	15737	71	59	112023_dilutions_Experiment_Plate_0_2000_p.fcs
2023-11-20	0	PI	2000	PI-positive	36	68.5	1203.5	112023_dilutions_Experiment_Plate_0_2000_p.fcs
2023-11-20	0	PI	2000	Intermediate	0	NA	NA	112023_dilutions_Experiment_Plate_0_2000_p.fcs
2023-11-20	0	PI	2000	unstained	12795	67	58	112023_dilutions_Experiment_Plate_0_2000_p.fcs
2023-11-20	0	SYTO9	2000	singlet	18426	133	60	112023_dilutions_Experiment_Plate_0_2000.fcs
2023-11-20	0	SYTO9	2000	PI-positive	3	118	162	112023_dilutions_Experiment_Plate_0_2000.fcs
2023-11-20	0	SYTO9	2000	Intermediate	38	13330	315	112023_dilutions_Experiment_Plate_0_2000.fcs
2023-11-20	0	SYTO9	2000	unstained	5728	75	57	112023_dilutions_Experiment_Plate_0_2000.fcs
2023-11-20	0	PI	250	singlet	17403	72	62	112023_dilutions_Experiment_Plate_0_250_p.fcs
2023-11-20	0	PI	250	PI-positive	77	69	1193	112023_dilutions_Experiment_Plate_0_250_p.fcs
2023-11-20	0	PI	250	Intermediate	0	NA	NA	112023_dilutions_Experiment_Plate_0_250_p.fcs
2023-11-20	0	PI	250	unstained	13830	67	60	112023_dilutions_Experiment_Plate_0_250_p.fcs
2023-11-20	0	SYTO9	250	singlet	19395	7934	234	112023_dilutions_Experiment_Plate_0_250.fcs
2023-11-20	0	SYTO9	250	PI-positive	0	NA	NA	112023_dilutions_Experiment_Plate_0_250.fcs
2023-11-20	0	SYTO9	250	Intermediate	11241	14234	412	112023_dilutions_Experiment_Plate_0_250.fcs
2023-11-20	0	SYTO9	250	unstained	68	75	52	112023_dilutions_Experiment_Plate_0_250.fcs
2023-11-20	0	PI	500	singlet	16250	72	60	112023_dilutions_Experiment_Plate_0_500_p.fcs
2023-11-20	0	PI	500	PI-positive	61	69	1486	112023_dilutions_Experiment_Plate_0_500_p.fcs
2023-11-20	0	PI	500	Intermediate	0	NA	NA	112023_dilutions_Experiment_Plate_0_500_p.fcs
2023-11-20	0	PI	500	unstained	12984	67	58	112023_dilutions_Experiment_Plate_0_500_p.fcs
2023-11-20	0	SYTO9	500	singlet	19110	1194	73	112023_dilutions_Experiment_Plate_0_500.fcs
2023-11-20	0	SYTO9	500	PI-positive	0	NA	NA	112023_dilutions_Experiment_Plate_0_500.fcs
2023-11-20	0	SYTO9	500	Intermediate	425	4728	190	112023_dilutions_Experiment_Plate_0_500.fcs
2023-11-20	0	SYTO9	500	unstained	107	79	53	112023_dilutions_Experiment_Plate_0_500.fcs
2023-11-20	10	PI	1000	singlet	13159	74	60	112023_dilutions_Experiment_Plate_10_1000_p.fcs
2023-11-20	10	PI	1000	PI-positive	140	73	645	112023_dilutions_Experiment_Plate_10_1000_p.fcs
2023-11-20	10	PI	1000	Intermediate	0	NA	NA	112023_dilutions_Experiment_Plate_10_1000_p.fcs
2023-11-20	10	PI	1000	unstained	10165	69	59	112023_dilutions_Experiment_Plate_10_1000_p.fcs
2023-11-20	10	SYTO9	1000	singlet	12385	624	66	112023_dilutions_Experiment_Plate_10_1000.fcs
2023-11-20	10	SYTO9	1000	PI-positive	0	NA	NA	112023_dilutions_Experiment_Plate_10_1000.fcs
2023-11-20	10	SYTO9	1000	Intermediate	207	16997	430	112023_dilutions_Experiment_Plate_10_1000.fcs
2023-11-20	10	SYTO9	1000	unstained	1600	75	57	112023_dilutions_Experiment_Plate_10_1000.fcs
2023-11-20	10	PI	2000	singlet	11165	74	60	112023_dilutions_Experiment_Plate_10_2000_p.fcs
2023-11-20	10	PI	2000	PI-positive	108	69	921	112023_dilutions_Experiment_Plate_10_2000_p.fcs
2023-11-20	10	PI	2000	Intermediate	0	NA	NA	112023_dilutions_Experiment_Plate_10_2000_p.fcs
2023-11-20	10	PI	2000	unstained	8688	68	58	112023_dilutions_Experiment_Plate_10_2000_p.fcs
2023-11-20	10	SYTO9	2000	singlet	12774	210	61	112023_dilutions_Experiment_Plate_10_2000.fcs
2023-11-20	10	SYTO9	2000	PI-positive	1	117	160	112023_dilutions_Experiment_Plate_10_2000.fcs
2023-11-20	10	SYTO9	2000	Intermediate	87	10420	266	112023_dilutions_Experiment_Plate_10_2000.fcs
2023-11-20	10	SYTO9	2000	unstained	3135	73	58	112023_dilutions_Experiment_Plate_10_2000.fcs
2023-11-20	10	PI	250	singlet	13620	74	62	112023_dilutions_Experiment_Plate_10_250_p.fcs
2023-11-20	10	PI	250	PI-positive	166	69.5	842.5	112023_dilutions_Experiment_Plate_10_250_p.fcs
2023-11-20	10	PI	250	Intermediate	0	NA	NA	112023_dilutions_Experiment_Plate_10_250_p.fcs
2023-11-20	10	PI	250	unstained	10361	68	60	112023_dilutions_Experiment_Plate_10_250_p.fcs
2023-11-20	10	SYTO9	250	singlet	12315	3172	119	112023_dilutions_Experiment_Plate_10_250.fcs
2023-11-20	10	SYTO9	250	PI-positive	0	NA	NA	112023_dilutions_Experiment_Plate_10_250.fcs
2023-11-20	10	SYTO9	250	Intermediate	4448	7277.5	236	112023_dilutions_Experiment_Plate_10_250.fcs
2023-11-20	10	SYTO9	250	unstained	220	77	56	112023_dilutions_Experiment_Plate_10_250.fcs
2023-11-20	10	PI	500	singlet	10792	75	60	112023_dilutions_Experiment_Plate_10_500_p.fcs
2023-11-20	10	PI	500	PI-positive	133	75	1044	112023_dilutions_Experiment_Plate_10_500_p.fcs
2023-11-20	10	PI	500	Intermediate	0	NA	NA	112023_dilutions_Experiment_Plate_10_500_p.fcs
2023-11-20	10	PI	500	unstained	8314	69	59	112023_dilutions_Experiment_Plate_10_500_p.fcs
2023-11-20	10	SYTO9	500	singlet	12925	1586	81	112023_dilutions_Experiment_Plate_10_500.fcs
2023-11-20	10	SYTO9	500	PI-positive	1	276	172	112023_dilutions_Experiment_Plate_10_500.fcs
2023-11-20	10	SYTO9	500	Intermediate	1241	4941	196	112023_dilutions_Experiment_Plate_10_500.fcs
2023-11-20	10	SYTO9	500	unstained	647	75	57	112023_dilutions_Experiment_Plate_10_500.fcs
2023-11-20	100	PI	1000	singlet	12813	71	61	112023_dilutions_Experiment_Plate_100_1000_p.fcs
2023-11-20	100	PI	1000	PI-positive	311	69	1149	112023_dilutions_Experiment_Plate_100_1000_p.fcs
2023-11-20	100	PI	1000	Intermediate	0	NA	NA	112023_dilutions_Experiment_Plate_100_1000_p.fcs
2023-11-20	100	PI	1000	unstained	10117	66	59	112023_dilutions_Experiment_Plate_100_1000_p.fcs
2023-11-20	100	SYTO9	1000	singlet	11554	3920	115	112023_dilutions_Experiment_Plate_100_1000.fcs
2023-11-20	100	SYTO9	1000	PI-positive	0	NA	NA	112023_dilutions_Experiment_Plate_100_1000.fcs
2023-11-20	100	SYTO9	1000	Intermediate	3136	7763.5	209	112023_dilutions_Experiment_Plate_100_1000.fcs
2023-11-20	100	SYTO9	1000	unstained	42	78	63	112023_dilutions_Experiment_Plate_100_1000.fcs
2023-11-20	100	PI	2000	singlet	11231	73	60	112023_dilutions_Experiment_Plate_100_2000_p.fcs
2023-11-20	100	PI	2000	PI-positive	218	70.5	1107.5	112023_dilutions_Experiment_Plate_100_2000_p.fcs
2023-11-20	100	PI	2000	Intermediate	0	NA	NA	112023_dilutions_Experiment_Plate_100_2000_p.fcs
2023-11-20	100	PI	2000	unstained	8711	67	58	112023_dilutions_Experiment_Plate_100_2000_p.fcs
2023-11-20	100	SYTO9	2000	singlet	12907	1045	69	112023_dilutions_Experiment_Plate_100_2000.fcs
2023-11-20	100	SYTO9	2000	PI-positive	1	82	1108	112023_dilutions_Experiment_Plate_100_2000.fcs
2023-11-20	100	SYTO9	2000	Intermediate	268	7769	201	112023_dilutions_Experiment_Plate_100_2000.fcs
2023-11-20	100	SYTO9	2000	unstained	124	73	61.5	112023_dilutions_Experiment_Plate_100_2000.fcs
2023-11-20	100	PI	250	singlet	13989	71	67	112023_dilutions_Experiment_Plate_100_250_p.fcs
2023-11-20	100	PI	250	PI-positive	1444	68	1521	112023_dilutions_Experiment_Plate_100_250_p.fcs
2023-11-20	100	PI	250	Intermediate	1	23080	690	112023_dilutions_Experiment_Plate_100_250_p.fcs
2023-11-20	100	PI	250	unstained	9751	67	61	112023_dilutions_Experiment_Plate_100_250_p.fcs
2023-11-20	100	SYTO9	250	singlet	14370	32180.5	950	112023_dilutions_Experiment_Plate_100_250.fcs
2023-11-20	100	SYTO9	250	PI-positive	0	NA	NA	112023_dilutions_Experiment_Plate_100_250.fcs
2023-11-20	100	SYTO9	250	Intermediate	14112	32573.5	965	112023_dilutions_Experiment_Plate_100_250.fcs
2023-11-20	100	SYTO9	250	unstained	15	66	48	112023_dilutions_Experiment_Plate_100_250.fcs
2023-11-20	100	PI	500	singlet	11970	72	62	112023_dilutions_Experiment_Plate_100_500_p.fcs
2023-11-20	100	PI	500	PI-positive	461	71	1325	112023_dilutions_Experiment_Plate_100_500_p.fcs
2023-11-20	100	PI	500	Intermediate	0	NA	NA	112023_dilutions_Experiment_Plate_100_500_p.fcs
2023-11-20	100	PI	500	unstained	9079	67	60	112023_dilutions_Experiment_Plate_100_500_p.fcs
2023-11-20	100	SYTO9	500	singlet	13565	11867	314	112023_dilutions_Experiment_Plate_100_500.fcs
2023-11-20	100	SYTO9	500	PI-positive	0	NA	NA	112023_dilutions_Experiment_Plate_100_500.fcs
2023-11-20	100	SYTO9	500	Intermediate	11583	13228	348	112023_dilutions_Experiment_Plate_100_500.fcs
2023-11-20	100	SYTO9	500	unstained	24	70.5	60.5	112023_dilutions_Experiment_Plate_100_500.fcs
2023-11-20	1000	PI	1000	singlet	11070	66	842	112023_dilutions_Experiment_Plate_1000_1000_p.fcs
2023-11-20	1000	PI	1000	PI-positive	11068	66	842	112023_dilutions_Experiment_Plate_1000_1000_p.fcs
2023-11-20	1000	PI	1000	Intermediate	0	NA	NA	112023_dilutions_Experiment_Plate_1000_1000_p.fcs
2023-11-20	1000	PI	1000	unstained	0	NA	NA	112023_dilutions_Experiment_Plate_1000_1000_p.fcs
2023-11-20	1000	SYTO9	1000	singlet	10648	5732	164	112023_dilutions_Experiment_Plate_1000_1000.fcs
2023-11-20	1000	SYTO9	1000	PI-positive	0	NA	NA	112023_dilutions_Experiment_Plate_1000_1000.fcs
2023-11-20	1000	SYTO9	1000	Intermediate	5615	7843	225	112023_dilutions_Experiment_Plate_1000_1000.fcs
2023-11-20	1000	SYTO9	1000	unstained	0	NA	NA	112023_dilutions_Experiment_Plate_1000_1000.fcs
2023-11-20	1000	PI	2000	singlet	10583	66	1103	112023_dilutions_Experiment_Plate_1000_2000_p.fcs
2023-11-20	1000	PI	2000	PI-positive	10583	66	1103	112023_dilutions_Experiment_Plate_1000_2000_p.fcs
2023-11-20	1000	PI	2000	Intermediate	0	NA	NA	112023_dilutions_Experiment_Plate_1000_2000_p.fcs
2023-11-20	1000	PI	2000	unstained	0	NA	NA	112023_dilutions_Experiment_Plate_1000_2000_p.fcs
2023-11-20	1000	SYTO9	2000	singlet	10874	1683	76	112023_dilutions_Experiment_Plate_1000_2000.fcs
2023-11-20	1000	SYTO9	2000	PI-positive	0	NA	NA	112023_dilutions_Experiment_Plate_1000_2000.fcs
2023-11-20	1000	SYTO9	2000	Intermediate	231	4120	172	112023_dilutions_Experiment_Plate_1000_2000.fcs
2023-11-20	1000	SYTO9	2000	unstained	1	78	80	112023_dilutions_Experiment_Plate_1000_2000.fcs
2023-11-20	1000	PI	250	singlet	10596	66	469	112023_dilutions_Experiment_Plate_1000_250_p.fcs
2023-11-20	1000	PI	250	PI-positive	10581	66	469	112023_dilutions_Experiment_Plate_1000_250_p.fcs
2023-11-20	1000	PI	250	Intermediate	0	NA	NA	112023_dilutions_Experiment_Plate_1000_250_p.fcs
2023-11-20	1000	PI	250	unstained	1	94	70	112023_dilutions_Experiment_Plate_1000_250_p.fcs
2023-11-20	1000	SYTO9	250	singlet	12298	28390.5	850	112023_dilutions_Experiment_Plate_1000_250.fcs
2023-11-20	1000	SYTO9	250	PI-positive	0	NA	NA	112023_dilutions_Experiment_Plate_1000_250.fcs
2023-11-20	1000	SYTO9	250	Intermediate	12234	28510.5	852	112023_dilutions_Experiment_Plate_1000_250.fcs
2023-11-20	1000	SYTO9	250	unstained	1	92	74	112023_dilutions_Experiment_Plate_1000_250.fcs
2023-11-20	1000	PI	500	singlet	11067	66	600	112023_dilutions_Experiment_Plate_1000_500_p.fcs
2023-11-20	1000	PI	500	PI-positive	11061	66	601	112023_dilutions_Experiment_Plate_1000_500_p.fcs
2023-11-20	1000	PI	500	Intermediate	0	NA	NA	112023_dilutions_Experiment_Plate_1000_500_p.fcs
2023-11-20	1000	PI	500	unstained	4	69.5	75	112023_dilutions_Experiment_Plate_1000_500_p.fcs
2023-11-20	1000	SYTO9	500	singlet	12693	16127	450	112023_dilutions_Experiment_Plate_1000_500.fcs
2023-11-20	1000	SYTO9	500	PI-positive	0	NA	NA	112023_dilutions_Experiment_Plate_1000_500.fcs
2023-11-20	1000	SYTO9	500	Intermediate	12041	16757	467	112023_dilutions_Experiment_Plate_1000_500.fcs
2023-11-20	1000	SYTO9	500	unstained	2	61.5	64	112023_dilutions_Experiment_Plate_1000_500.fcs
2023-11-21	0	PI	1000	singlet	13430	71	59	112123_dilutions_Experiment_Plate_0_1000_p.fcs
2023-11-21	0	PI	1000	PI-positive	92	67.5	947.5	112123_dilutions_Experiment_Plate_0_1000_p.fcs
2023-11-21	0	PI	1000	Intermediate	0	NA	NA	112123_dilutions_Experiment_Plate_0_1000_p.fcs
2023-11-21	0	PI	1000	unstained	10991	67	58	112123_dilutions_Experiment_Plate_0_1000_p.fcs
2023-11-21	0	SYTO9	1000	singlet	15218	547	64	112123_dilutions_Experiment_Plate_0_1000.fcs
2023-11-21	0	SYTO9	1000	PI-positive	0	NA	NA	112123_dilutions_Experiment_Plate_0_1000.fcs
2023-11-21	0	SYTO9	1000	Intermediate	88	21990	607.5	112123_dilutions_Experiment_Plate_0_1000.fcs
2023-11-21	0	SYTO9	1000	unstained	470	80	56	112123_dilutions_Experiment_Plate_0_1000.fcs
2023-11-21	0	PI	2000	singlet	13938	72	59	112123_dilutions_Experiment_Plate_0_2000_p.fcs
2023-11-21	0	PI	2000	PI-positive	57	70	1016	112123_dilutions_Experiment_Plate_0_2000_p.fcs
2023-11-21	0	PI	2000	Intermediate	0	NA	NA	112123_dilutions_Experiment_Plate_0_2000_p.fcs
2023-11-21	0	PI	2000	unstained	11366	67	57	112123_dilutions_Experiment_Plate_0_2000_p.fcs
2023-11-21	0	SYTO9	2000	singlet	18390	178	60	112123_dilutions_Experiment_Plate_0_2000.fcs
2023-11-21	0	SYTO9	2000	PI-positive	1	222	162	112123_dilutions_Experiment_Plate_0_2000.fcs
2023-11-21	0	SYTO9	2000	Intermediate	90	12888.5	351	112123_dilutions_Experiment_Plate_0_2000.fcs
2023-11-21	0	SYTO9	2000	unstained	3523	78	58	112123_dilutions_Experiment_Plate_0_2000.fcs
2023-11-21	0	PI	250	singlet	12609	72	60	112123_dilutions_Experiment_Plate_0_250_p.fcs
2023-11-21	0	PI	250	PI-positive	74	75	1225.5	112123_dilutions_Experiment_Plate_0_250_p.fcs
2023-11-21	0	PI	250	Intermediate	0	NA	NA	112123_dilutions_Experiment_Plate_0_250_p.fcs
2023-11-21	0	PI	250	unstained	10150	67	58	112123_dilutions_Experiment_Plate_0_250_p.fcs
2023-11-21	0	SYTO9	250	singlet	12708	8932.5	271	112123_dilutions_Experiment_Plate_0_250.fcs
2023-11-21	0	SYTO9	250	PI-positive	0	NA	NA	112123_dilutions_Experiment_Plate_0_250.fcs
2023-11-21	0	SYTO9	250	Intermediate	7788	14586.5	426	112123_dilutions_Experiment_Plate_0_250.fcs
2023-11-21	0	SYTO9	250	unstained	26	80	51	112123_dilutions_Experiment_Plate_0_250.fcs
2023-11-21	0	PI	500	singlet	13261	71	60	112123_dilutions_Experiment_Plate_0_500_p.fcs
2023-11-21	0	PI	500	PI-positive	76	65	937	112123_dilutions_Experiment_Plate_0_500_p.fcs
2023-11-21	0	PI	500	Intermediate	0	NA	NA	112123_dilutions_Experiment_Plate_0_500_p.fcs
2023-11-21	0	PI	500	unstained	10765	67	59	112123_dilutions_Experiment_Plate_0_500_p.fcs
2023-11-21	0	SYTO9	500	singlet	14823	1172	72	112123_dilutions_Experiment_Plate_0_500.fcs
2023-11-21	0	SYTO9	500	PI-positive	0	NA	NA	112123_dilutions_Experiment_Plate_0_500.fcs
2023-11-21	0	SYTO9	500	Intermediate	427	7400	231	112123_dilutions_Experiment_Plate_0_500.fcs
2023-11-21	0	SYTO9	500	unstained	99	79	60	112123_dilutions_Experiment_Plate_0_500.fcs
2023-11-21	10	PI	1000	singlet	11368	76	59	112123_dilutions_Experiment_Plate_10_1000_p.fcs
2023-11-21	10	PI	1000	PI-positive	186	72	896.5	112123_dilutions_Experiment_Plate_10_1000_p.fcs
2023-11-21	10	PI	1000	Intermediate	1	13490	345	112123_dilutions_Experiment_Plate_10_1000_p.fcs
2023-11-21	10	PI	1000	unstained	8531	69	58	112123_dilutions_Experiment_Plate_10_1000_p.fcs
2023-11-21	10	SYTO9	1000	singlet	7739	914	68	112123_dilutions_Experiment_Plate_10_1000.fcs
2023-11-21	10	SYTO9	1000	PI-positive	0	NA	NA	112123_dilutions_Experiment_Plate_10_1000.fcs
2023-11-21	10	SYTO9	1000	Intermediate	145	11232	339	112123_dilutions_Experiment_Plate_10_1000.fcs
2023-11-21	10	SYTO9	1000	unstained	401	75	57	112123_dilutions_Experiment_Plate_10_1000.fcs
2023-11-21	10	PI	2000	singlet	12222	76	60	112123_dilutions_Experiment_Plate_10_2000_p.fcs
2023-11-21	10	PI	2000	PI-positive	261	77	668	112123_dilutions_Experiment_Plate_10_2000_p.fcs
2023-11-21	10	PI	2000	Intermediate	0	NA	NA	112123_dilutions_Experiment_Plate_10_2000_p.fcs
2023-11-21	10	PI	2000	unstained	9122	69	58	112123_dilutions_Experiment_Plate_10_2000_p.fcs
2023-11-21	10	SYTO9	2000	singlet	12692	287	61	112123_dilutions_Experiment_Plate_10_2000.fcs
2023-11-21	10	SYTO9	2000	PI-positive	3	275	224	112123_dilutions_Experiment_Plate_10_2000.fcs
2023-11-21	10	SYTO9	2000	Intermediate	64	8300	220	112123_dilutions_Experiment_Plate_10_2000.fcs
2023-11-21	10	SYTO9	2000	unstained	1522	75	56	112123_dilutions_Experiment_Plate_10_2000.fcs
2023-11-21	10	PI	250	singlet	10617	77	61	112123_dilutions_Experiment_Plate_10_250_p.fcs
2023-11-21	10	PI	250	PI-positive	214	74	763.5	112123_dilutions_Experiment_Plate_10_250_p.fcs
2023-11-21	10	PI	250	Intermediate	0	NA	NA	112123_dilutions_Experiment_Plate_10_250_p.fcs
2023-11-21	10	PI	250	unstained	7751	70	59	112123_dilutions_Experiment_Plate_10_250_p.fcs
2023-11-21	10	SYTO9	250	singlet	9387	4067	158	112123_dilutions_Experiment_Plate_10_250.fcs
2023-11-21	10	SYTO9	250	PI-positive	0	NA	NA	112123_dilutions_Experiment_Plate_10_250.fcs
2023-11-21	10	SYTO9	250	Intermediate	4677	7701	246	112123_dilutions_Experiment_Plate_10_250.fcs
2023-11-21	10	SYTO9	250	unstained	60	75	57.5	112123_dilutions_Experiment_Plate_10_250.fcs
2023-11-21	10	PI	500	singlet	9894	77	60	112123_dilutions_Experiment_Plate_10_500_p.fcs
2023-11-21	10	PI	500	PI-positive	151	74	784	112123_dilutions_Experiment_Plate_10_500_p.fcs
2023-11-21	10	PI	500	Intermediate	0	NA	NA	112123_dilutions_Experiment_Plate_10_500_p.fcs
2023-11-21	10	PI	500	unstained	7339	70	58	112123_dilutions_Experiment_Plate_10_500_p.fcs
2023-11-21	10	SYTO9	500	singlet	9754	1708	83	112123_dilutions_Experiment_Plate_10_500.fcs
2023-11-21	10	SYTO9	500	PI-positive	0	NA	NA	112123_dilutions_Experiment_Plate_10_500.fcs
2023-11-21	10	SYTO9	500	Intermediate	725	4422	192	112123_dilutions_Experiment_Plate_10_500.fcs
2023-11-21	10	SYTO9	500	unstained	236	77	59	112123_dilutions_Experiment_Plate_10_500.fcs
2023-11-21	100	PI	1000	singlet	13637	69	61	112123_dilutions_Experiment_Plate_100_1000_p.fcs
2023-11-21	100	PI	1000	PI-positive	903	67	1157	112123_dilutions_Experiment_Plate_100_1000_p.fcs
2023-11-21	100	PI	1000	Intermediate	0	NA	NA	112123_dilutions_Experiment_Plate_100_1000_p.fcs
2023-11-21	100	PI	1000	unstained	10579	66	58	112123_dilutions_Experiment_Plate_100_1000_p.fcs
2023-11-21	100	SYTO9	1000	singlet	12193	2861	95	112123_dilutions_Experiment_Plate_100_1000.fcs
2023-11-21	100	SYTO9	1000	PI-positive	0	NA	NA	112123_dilutions_Experiment_Plate_100_1000.fcs
2023-11-21	100	SYTO9	1000	Intermediate	2431	8243	220	112123_dilutions_Experiment_Plate_100_1000.fcs
2023-11-21	100	SYTO9	1000	unstained	662	72	56	112123_dilutions_Experiment_Plate_100_1000.fcs
2023-11-21	100	PI	2000	singlet	13323	69	61	112123_dilutions_Experiment_Plate_100_2000_p.fcs
2023-11-21	100	PI	2000	PI-positive	862	66	1163	112123_dilutions_Experiment_Plate_100_2000_p.fcs
2023-11-21	100	PI	2000	Intermediate	0	NA	NA	112123_dilutions_Experiment_Plate_100_2000_p.fcs
2023-11-21	100	PI	2000	unstained	10395	66	58	112123_dilutions_Experiment_Plate_100_2000_p.fcs
2023-11-21	100	SYTO9	2000	singlet	14337	763	66	112123_dilutions_Experiment_Plate_100_2000.fcs
2023-11-21	100	SYTO9	2000	PI-positive	0	NA	NA	112123_dilutions_Experiment_Plate_100_2000.fcs
2023-11-21	100	SYTO9	2000	Intermediate	469	10298	236	112123_dilutions_Experiment_Plate_100_2000.fcs
2023-11-21	100	SYTO9	2000	unstained	1621	70	57	112123_dilutions_Experiment_Plate_100_2000.fcs
2023-11-21	100	PI	250	singlet	10656	69	64	112123_dilutions_Experiment_Plate_100_250_p.fcs
2023-11-21	100	PI	250	PI-positive	960	67	1155.5	112123_dilutions_Experiment_Plate_100_250_p.fcs
2023-11-21	100	PI	250	Intermediate	0	NA	NA	112123_dilutions_Experiment_Plate_100_250_p.fcs
2023-11-21	100	PI	250	unstained	7939	66	60	112123_dilutions_Experiment_Plate_100_250_p.fcs
2023-11-21	100	SYTO9	250	singlet	13132	24711	726.5	112123_dilutions_Experiment_Plate_100_250.fcs
2023-11-21	100	SYTO9	250	PI-positive	0	NA	NA	112123_dilutions_Experiment_Plate_100_250.fcs
2023-11-21	100	SYTO9	250	Intermediate	11327	28138	831	112123_dilutions_Experiment_Plate_100_250.fcs
2023-11-21	100	SYTO9	250	unstained	118	69	56	112123_dilutions_Experiment_Plate_100_250.fcs
2023-11-21	100	PI	500	singlet	11667	69	63	112123_dilutions_Experiment_Plate_100_500_p.fcs
2023-11-21	100	PI	500	PI-positive	856	67	1228	112123_dilutions_Experiment_Plate_100_500_p.fcs
2023-11-21	100	PI	500	Intermediate	0	NA	NA	112123_dilutions_Experiment_Plate_100_500_p.fcs
2023-11-21	100	PI	500	unstained	8964	65	59	112123_dilutions_Experiment_Plate_100_500_p.fcs
2023-11-21	100	SYTO9	500	singlet	11785	10282	281	112123_dilutions_Experiment_Plate_100_500.fcs
2023-11-21	100	SYTO9	500	PI-positive	0	NA	NA	112123_dilutions_Experiment_Plate_100_500.fcs
2023-11-21	100	SYTO9	500	Intermediate	8678	13412.5	362	112123_dilutions_Experiment_Plate_100_500.fcs
2023-11-21	100	SYTO9	500	unstained	312	73	59	112123_dilutions_Experiment_Plate_100_500.fcs
2023-11-21	1000	PI	1000	singlet	13288	67	838	112123_dilutions_Experiment_Plate_1000_1000_p.fcs
2023-11-21	1000	PI	1000	PI-positive	13287	67	838	112123_dilutions_Experiment_Plate_1000_1000_p.fcs
2023-11-21	1000	PI	1000	Intermediate	0	NA	NA	112123_dilutions_Experiment_Plate_1000_1000_p.fcs
2023-11-21	1000	PI	1000	unstained	0	NA	NA	112123_dilutions_Experiment_Plate_1000_1000_p.fcs
2023-11-21	1000	SYTO9	1000	singlet	13437	5724	167	112123_dilutions_Experiment_Plate_1000_1000.fcs
2023-11-21	1000	SYTO9	1000	PI-positive	2	288.5	512.5	112123_dilutions_Experiment_Plate_1000_1000.fcs
2023-11-21	1000	SYTO9	1000	Intermediate	7304	7506.5	218	112123_dilutions_Experiment_Plate_1000_1000.fcs
2023-11-21	1000	SYTO9	1000	unstained	27	76	54	112123_dilutions_Experiment_Plate_1000_1000.fcs
2023-11-21	1000	PI	2000	singlet	12214	67	1056	112123_dilutions_Experiment_Plate_1000_2000_p.fcs
2023-11-21	1000	PI	2000	PI-positive	12207	67	1056	112123_dilutions_Experiment_Plate_1000_2000_p.fcs
2023-11-21	1000	PI	2000	Intermediate	0	NA	NA	112123_dilutions_Experiment_Plate_1000_2000_p.fcs
2023-11-21	1000	PI	2000	unstained	2	82	61	112123_dilutions_Experiment_Plate_1000_2000_p.fcs
2023-11-21	1000	SYTO9	2000	singlet	14389	2178	83	112123_dilutions_Experiment_Plate_1000_2000.fcs
2023-11-21	1000	SYTO9	2000	PI-positive	0	NA	NA	112123_dilutions_Experiment_Plate_1000_2000.fcs
2023-11-21	1000	SYTO9	2000	Intermediate	535	4746	175	112123_dilutions_Experiment_Plate_1000_2000.fcs
2023-11-21	1000	SYTO9	2000	unstained	1	95	73	112123_dilutions_Experiment_Plate_1000_2000.fcs
2023-11-21	1000	PI	250	singlet	11469	66	473	112123_dilutions_Experiment_Plate_1000_250_p.fcs
2023-11-21	1000	PI	250	PI-positive	11443	66	473	112123_dilutions_Experiment_Plate_1000_250_p.fcs
2023-11-21	1000	PI	250	Intermediate	0	NA	NA	112123_dilutions_Experiment_Plate_1000_250_p.fcs
2023-11-21	1000	PI	250	unstained	4	76	79	112123_dilutions_Experiment_Plate_1000_250_p.fcs
2023-11-21	1000	SYTO9	250	singlet	1309	5956	205	112123_dilutions_Experiment_Plate_1000_250.fcs
2023-11-21	1000	SYTO9	250	PI-positive	75	213	619	112123_dilutions_Experiment_Plate_1000_250.fcs
2023-11-21	1000	SYTO9	250	Intermediate	830	7433.5	238	112123_dilutions_Experiment_Plate_1000_250.fcs
2023-11-21	1000	SYTO9	250	unstained	12	64.5	47	112123_dilutions_Experiment_Plate_1000_250.fcs
2023-11-21	1000	PI	500	singlet	11165	66	575	112123_dilutions_Experiment_Plate_1000_500_p.fcs
2023-11-21	1000	PI	500	PI-positive	11160	66	575	112123_dilutions_Experiment_Plate_1000_500_p.fcs
2023-11-21	1000	PI	500	Intermediate	0	NA	NA	112123_dilutions_Experiment_Plate_1000_500_p.fcs
2023-11-21	1000	PI	500	unstained	2	63	53.5	112123_dilutions_Experiment_Plate_1000_500_p.fcs
2023-11-21	1000	SYTO9	500	singlet	7003	11403	330	112123_dilutions_Experiment_Plate_1000_500.fcs
2023-11-21	1000	SYTO9	500	PI-positive	0	NA	NA	112123_dilutions_Experiment_Plate_1000_500.fcs
2023-11-21	1000	SYTO9	500	Intermediate	6505	11872	341	112123_dilutions_Experiment_Plate_1000_500.fcs
2023-11-21	1000	SYTO9	500	unstained	0	NA	NA	112123_dilutions_Experiment_Plate_1000_500.fcs
2023-11-22	0	PI	1000	singlet	13530	72	60	112223_dilutions_Experiment_Plate_0_1000_p.fcs
2023-11-22	0	PI	1000	PI-positive	441	66	272	112223_dilutions_Experiment_Plate_0_1000_p.fcs
2023-11-22	0	PI	1000	Intermediate	0	NA	NA	112223_dilutions_Experiment_Plate_0_1000_p.fcs
2023-11-22	0	PI	1000	unstained	10403	67	58	112223_dilutions_Experiment_Plate_0_1000_p.fcs
2023-11-22	0	SYTO9	1000	singlet	13581	968	70	112223_dilutions_Experiment_Plate_0_1000.fcs
2023-11-22	0	SYTO9	1000	PI-positive	0	NA	NA	112223_dilutions_Experiment_Plate_0_1000.fcs
2023-11-22	0	SYTO9	1000	Intermediate	229	6227	305	112223_dilutions_Experiment_Plate_0_1000.fcs
2023-11-22	0	SYTO9	1000	unstained	114	75.5	58	112223_dilutions_Experiment_Plate_0_1000.fcs
2023-11-22	0	PI	2000	singlet	13759	73	60	112223_dilutions_Experiment_Plate_0_2000_p.fcs
2023-11-22	0	PI	2000	PI-positive	207	69	279	112223_dilutions_Experiment_Plate_0_2000_p.fcs
2023-11-22	0	PI	2000	Intermediate	0	NA	NA	112223_dilutions_Experiment_Plate_0_2000_p.fcs
2023-11-22	0	PI	2000	unstained	10862	68	58	112223_dilutions_Experiment_Plate_0_2000_p.fcs
2023-11-22	0	SYTO9	2000	singlet	16954	382	62	112223_dilutions_Experiment_Plate_0_2000.fcs
2023-11-22	0	SYTO9	2000	PI-positive	3	213	175	112223_dilutions_Experiment_Plate_0_2000.fcs
2023-11-22	0	SYTO9	2000	Intermediate	100	12131.5	298	112223_dilutions_Experiment_Plate_0_2000.fcs
2023-11-22	0	SYTO9	2000	unstained	694	79	58	112223_dilutions_Experiment_Plate_0_2000.fcs
2023-11-22	0	PI	250	singlet	12190	73	62	112223_dilutions_Experiment_Plate_0_250_p.fcs
2023-11-22	0	PI	250	PI-positive	217	72	219	112223_dilutions_Experiment_Plate_0_250_p.fcs
2023-11-22	0	PI	250	Intermediate	1	3544	186	112223_dilutions_Experiment_Plate_0_250_p.fcs
2023-11-22	0	PI	250	unstained	9308	68	59	112223_dilutions_Experiment_Plate_0_250_p.fcs
2023-11-22	0	SYTO9	250	singlet	15334	3605.5	140	112223_dilutions_Experiment_Plate_0_250.fcs
2023-11-22	0	SYTO9	250	PI-positive	0	NA	NA	112223_dilutions_Experiment_Plate_0_250.fcs
2023-11-22	0	SYTO9	250	Intermediate	6962	10214	317	112223_dilutions_Experiment_Plate_0_250.fcs
2023-11-22	0	SYTO9	250	unstained	15	68	72	112223_dilutions_Experiment_Plate_0_250.fcs
2023-11-22	0	PI	500	singlet	14555	71	63	112223_dilutions_Experiment_Plate_0_500_p.fcs
2023-11-22	0	PI	500	PI-positive	827	66	237	112223_dilutions_Experiment_Plate_0_500_p.fcs
2023-11-22	0	PI	500	Intermediate	2	5260	256.5	112223_dilutions_Experiment_Plate_0_500_p.fcs
2023-11-22	0	PI	500	unstained	10526	67	58	112223_dilutions_Experiment_Plate_0_500_p.fcs
2023-11-22	0	SYTO9	500	singlet	14982	1832	90	112223_dilutions_Experiment_Plate_0_500.fcs
2023-11-22	0	SYTO9	500	PI-positive	0	NA	NA	112223_dilutions_Experiment_Plate_0_500.fcs
2023-11-22	0	SYTO9	500	Intermediate	1774	5686.5	225.5	112223_dilutions_Experiment_Plate_0_500.fcs
2023-11-22	0	SYTO9	500	unstained	36	73	50	112223_dilutions_Experiment_Plate_0_500.fcs
2023-11-22	10	PI	1000	singlet	11406	76	60	112223_dilutions_Experiment_Plate_10_1000_p.fcs
2023-11-22	10	PI	1000	PI-positive	115	73	936	112223_dilutions_Experiment_Plate_10_1000_p.fcs
2023-11-22	10	PI	1000	Intermediate	0	NA	NA	112223_dilutions_Experiment_Plate_10_1000_p.fcs
2023-11-22	10	PI	1000	unstained	8648	69	58	112223_dilutions_Experiment_Plate_10_1000_p.fcs
2023-11-22	10	SYTO9	1000	singlet	10557	1215	73	112223_dilutions_Experiment_Plate_10_1000.fcs
2023-11-22	10	SYTO9	1000	PI-positive	0	NA	NA	112223_dilutions_Experiment_Plate_10_1000.fcs
2023-11-22	10	SYTO9	1000	Intermediate	339	4434	236	112223_dilutions_Experiment_Plate_10_1000.fcs
2023-11-22	10	SYTO9	1000	unstained	305	76	56	112223_dilutions_Experiment_Plate_10_1000.fcs
2023-11-22	10	PI	2000	singlet	12384	76	60	112223_dilutions_Experiment_Plate_10_2000_p.fcs
2023-11-22	10	PI	2000	PI-positive	241	86	1034	112223_dilutions_Experiment_Plate_10_2000_p.fcs
2023-11-22	10	PI	2000	Intermediate	0	NA	NA	112223_dilutions_Experiment_Plate_10_2000_p.fcs
2023-11-22	10	PI	2000	unstained	9193	69	58	112223_dilutions_Experiment_Plate_10_2000_p.fcs
2023-11-22	10	SYTO9	2000	singlet	14229	464	63	112223_dilutions_Experiment_Plate_10_2000.fcs
2023-11-22	10	SYTO9	2000	PI-positive	1	81	165	112223_dilutions_Experiment_Plate_10_2000.fcs
2023-11-22	10	SYTO9	2000	Intermediate	118	7398	247.5	112223_dilutions_Experiment_Plate_10_2000.fcs
2023-11-22	10	SYTO9	2000	unstained	892	74	58	112223_dilutions_Experiment_Plate_10_2000.fcs
2023-11-22	10	PI	250	singlet	11259	76	61	112223_dilutions_Experiment_Plate_10_250_p.fcs
2023-11-22	10	PI	250	PI-positive	136	76.5	800.5	112223_dilutions_Experiment_Plate_10_250_p.fcs
2023-11-22	10	PI	250	Intermediate	1	5799	266	112223_dilutions_Experiment_Plate_10_250_p.fcs
2023-11-22	10	PI	250	unstained	8443	70	59	112223_dilutions_Experiment_Plate_10_250_p.fcs
2023-11-22	10	SYTO9	250	singlet	13041	3437	144	112223_dilutions_Experiment_Plate_10_250.fcs
2023-11-22	10	SYTO9	250	PI-positive	0	NA	NA	112223_dilutions_Experiment_Plate_10_250.fcs
2023-11-22	10	SYTO9	250	Intermediate	5725	6641	243	112223_dilutions_Experiment_Plate_10_250.fcs
2023-11-22	10	SYTO9	250	unstained	71	72	58	112223_dilutions_Experiment_Plate_10_250.fcs
2023-11-22	10	PI	500	singlet	10374	75	60	112223_dilutions_Experiment_Plate_10_500_p.fcs
2023-11-22	10	PI	500	PI-positive	140	82	945	112223_dilutions_Experiment_Plate_10_500_p.fcs
2023-11-22	10	PI	500	Intermediate	1	7471	281	112223_dilutions_Experiment_Plate_10_500_p.fcs
2023-11-22	10	PI	500	unstained	7835	69	58	112223_dilutions_Experiment_Plate_10_500_p.fcs
2023-11-22	10	SYTO9	500	singlet	12979	1639	83	112223_dilutions_Experiment_Plate_10_500.fcs
2023-11-22	10	SYTO9	500	PI-positive	0	NA	NA	112223_dilutions_Experiment_Plate_10_500.fcs
2023-11-22	10	SYTO9	500	Intermediate	1136	4693	250.5	112223_dilutions_Experiment_Plate_10_500.fcs
2023-11-22	10	SYTO9	500	unstained	205	78	59	112223_dilutions_Experiment_Plate_10_500.fcs
2023-11-22	100	PI	1000	singlet	12606	70	60	112223_dilutions_Experiment_Plate_100_1000_p.fcs
2023-11-22	100	PI	1000	PI-positive	270	68	997.5	112223_dilutions_Experiment_Plate_100_1000_p.fcs
2023-11-22	100	PI	1000	Intermediate	0	NA	NA	112223_dilutions_Experiment_Plate_100_1000_p.fcs
2023-11-22	100	PI	1000	unstained	10226	66	58	112223_dilutions_Experiment_Plate_100_1000_p.fcs
2023-11-22	100	SYTO9	1000	singlet	12535	4499	126	112223_dilutions_Experiment_Plate_100_1000.fcs
2023-11-22	100	SYTO9	1000	PI-positive	1	305	1022	112223_dilutions_Experiment_Plate_100_1000.fcs
2023-11-22	100	SYTO9	1000	Intermediate	4688	8783	230	112223_dilutions_Experiment_Plate_100_1000.fcs
2023-11-22	100	SYTO9	1000	unstained	578	72	56	112223_dilutions_Experiment_Plate_100_1000.fcs
2023-11-22	100	PI	2000	singlet	14459	70	60	112223_dilutions_Experiment_Plate_100_2000_p.fcs
2023-11-22	100	PI	2000	PI-positive	395	69	923	112223_dilutions_Experiment_Plate_100_2000_p.fcs
2023-11-22	100	PI	2000	Intermediate	0	NA	NA	112223_dilutions_Experiment_Plate_100_2000_p.fcs
2023-11-22	100	PI	2000	unstained	11659	66	58	112223_dilutions_Experiment_Plate_100_2000_p.fcs
2023-11-22	100	SYTO9	2000	singlet	14188	1512	74	112223_dilutions_Experiment_Plate_100_2000.fcs
2023-11-22	100	SYTO9	2000	PI-positive	4	206.5	208	112223_dilutions_Experiment_Plate_100_2000.fcs
2023-11-22	100	SYTO9	2000	Intermediate	553	6928	194	112223_dilutions_Experiment_Plate_100_2000.fcs
2023-11-22	100	SYTO9	2000	unstained	1111	69	58	112223_dilutions_Experiment_Plate_100_2000.fcs
2023-11-22	100	PI	250	singlet	13007	71	63	112223_dilutions_Experiment_Plate_100_250_p.fcs
2023-11-22	100	PI	250	PI-positive	664	70	712	112223_dilutions_Experiment_Plate_100_250_p.fcs
2023-11-22	100	PI	250	Intermediate	3	6071	241	112223_dilutions_Experiment_Plate_100_250_p.fcs
2023-11-22	100	PI	250	unstained	9962	66	59	112223_dilutions_Experiment_Plate_100_250_p.fcs
2023-11-22	100	SYTO9	250	singlet	14222	33112.5	1022	112223_dilutions_Experiment_Plate_100_250.fcs
2023-11-22	100	SYTO9	250	PI-positive	0	NA	NA	112223_dilutions_Experiment_Plate_100_250.fcs
2023-11-22	100	SYTO9	250	Intermediate	12656	36806.5	1132	112223_dilutions_Experiment_Plate_100_250.fcs
2023-11-22	100	SYTO9	250	unstained	105	68	53	112223_dilutions_Experiment_Plate_100_250.fcs
2023-11-22	100	PI	500	singlet	12307	71	60	112223_dilutions_Experiment_Plate_100_500_p.fcs
2023-11-22	100	PI	500	PI-positive	381	70	824	112223_dilutions_Experiment_Plate_100_500_p.fcs
2023-11-22	100	PI	500	Intermediate	0	NA	NA	112223_dilutions_Experiment_Plate_100_500_p.fcs
2023-11-22	100	PI	500	unstained	9780	66	58	112223_dilutions_Experiment_Plate_100_500_p.fcs
2023-11-22	100	SYTO9	500	singlet	14893	13685	373	112223_dilutions_Experiment_Plate_100_500.fcs
2023-11-22	100	SYTO9	500	PI-positive	0	NA	NA	112223_dilutions_Experiment_Plate_100_500.fcs
2023-11-22	100	SYTO9	500	Intermediate	11630	17341	471	112223_dilutions_Experiment_Plate_100_500.fcs
2023-11-22	100	SYTO9	500	unstained	322	68	57	112223_dilutions_Experiment_Plate_100_500.fcs
2023-11-22	1000	PI	1000	singlet	8247	67	1165	112223_dilutions_Experiment_Plate_1000_1000_p.fcs
2023-11-22	1000	PI	1000	PI-positive	8183	67	1168	112223_dilutions_Experiment_Plate_1000_1000_p.fcs
2023-11-22	1000	PI	1000	Intermediate	0	NA	NA	112223_dilutions_Experiment_Plate_1000_1000_p.fcs
2023-11-22	1000	PI	1000	unstained	31	57	74	112223_dilutions_Experiment_Plate_1000_1000_p.fcs
2023-11-22	1000	SYTO9	1000	singlet	8054	4426	130	112223_dilutions_Experiment_Plate_1000_1000.fcs
2023-11-22	1000	SYTO9	1000	PI-positive	0	NA	NA	112223_dilutions_Experiment_Plate_1000_1000.fcs
2023-11-22	1000	SYTO9	1000	Intermediate	2733	6792	201	112223_dilutions_Experiment_Plate_1000_1000.fcs
2023-11-22	1000	SYTO9	1000	unstained	7	54	48	112223_dilutions_Experiment_Plate_1000_1000.fcs
2023-11-22	1000	PI	2000	singlet	9115	66	1188	112223_dilutions_Experiment_Plate_1000_2000_p.fcs
2023-11-22	1000	PI	2000	PI-positive	9072	66.5	1191	112223_dilutions_Experiment_Plate_1000_2000_p.fcs
2023-11-22	1000	PI	2000	Intermediate	0	NA	NA	112223_dilutions_Experiment_Plate_1000_2000_p.fcs
2023-11-22	1000	PI	2000	unstained	21	66	78	112223_dilutions_Experiment_Plate_1000_2000_p.fcs
2023-11-22	1000	SYTO9	2000	singlet	9914	1840	80	112223_dilutions_Experiment_Plate_1000_2000.fcs
2023-11-22	1000	SYTO9	2000	PI-positive	0	NA	NA	112223_dilutions_Experiment_Plate_1000_2000.fcs
2023-11-22	1000	SYTO9	2000	Intermediate	232	3995.5	173	112223_dilutions_Experiment_Plate_1000_2000.fcs
2023-11-22	1000	SYTO9	2000	unstained	9	60	61	112223_dilutions_Experiment_Plate_1000_2000.fcs
2023-11-22	1000	PI	250	singlet	8433	67	667	112223_dilutions_Experiment_Plate_1000_250_p.fcs
2023-11-22	1000	PI	250	PI-positive	8367	67	669	112223_dilutions_Experiment_Plate_1000_250_p.fcs
2023-11-22	1000	PI	250	Intermediate	0	NA	NA	112223_dilutions_Experiment_Plate_1000_250_p.fcs
2023-11-22	1000	PI	250	unstained	40	65	59.5	112223_dilutions_Experiment_Plate_1000_250_p.fcs
2023-11-22	1000	SYTO9	250	singlet	9826	37728.5	1127	112223_dilutions_Experiment_Plate_1000_250.fcs
2023-11-22	1000	SYTO9	250	PI-positive	0	NA	NA	112223_dilutions_Experiment_Plate_1000_250.fcs
2023-11-22	1000	SYTO9	250	Intermediate	9801	37781	1128	112223_dilutions_Experiment_Plate_1000_250.fcs
2023-11-22	1000	SYTO9	250	unstained	4	45	73.5	112223_dilutions_Experiment_Plate_1000_250.fcs
2023-11-22	1000	PI	500	singlet	7405	67	972	112223_dilutions_Experiment_Plate_1000_500_p.fcs
2023-11-22	1000	PI	500	PI-positive	7338	67	976.5	112223_dilutions_Experiment_Plate_1000_500_p.fcs
2023-11-22	1000	PI	500	Intermediate	0	NA	NA	112223_dilutions_Experiment_Plate_1000_500_p.fcs
2023-11-22	1000	PI	500	unstained	26	57.5	70	112223_dilutions_Experiment_Plate_1000_500_p.fcs
2023-11-22	1000	SYTO9	500	singlet	9603	15187	424	112223_dilutions_Experiment_Plate_1000_500.fcs
2023-11-22	1000	SYTO9	500	PI-positive	0	NA	NA	112223_dilutions_Experiment_Plate_1000_500.fcs
2023-11-22	1000	SYTO9	500	Intermediate	9378	15374	430	112223_dilutions_Experiment_Plate_1000_500.fcs
2023-11-22	1000	SYTO9	500	unstained	4	67	63.5	112223_dilutions_Experiment_Plate_1000_500.fcs
