Date	Strain	Species	Genotype	AmpB_ng_mL	Treatment	Dilutions fold	Total	Large	Small
20240325	yH181	Cg	wt	0	MM	1000	100	100	0
20240325	yH181	Cg	wt	0.02	MO	100	648	648	0
20240325	yH181	Cg	wt	0.04	MO	100	654	654	0
20240325	yH181	Cg	wt	0.06	MO	100	315	315	0
20240325	yH181	Cg	wt	0.08	MO	100	37	37	0
20240325	yH181	Cg	wt	0.1	MO	100	22	22	0
20240325	yH181	Cg	wt	1	MO	100	0	0	0
20240326	yH181	Cg	wt	0	MM	1000	70	70	0
20240326	yH181	Cg	wt	0.02	MO	100	666	666	0
20240326	yH181	Cg	wt	0.04	MO	100	600	600	0
20240326	yH181	Cg	wt	0.06	MO	100	430	430	0
20240326	yH181	Cg	wt	0.08	MO	100	357	357	0
20240326	yH181	Cg	wt	0.1	MO	100	179	179	0
20240326	yH181	Cg	wt	1	MO	100	0	0	0
20240328	yH181	Cg	wt	0	MM	1000	98	98	0
20240328	yH181	Cg	wt	0.02	MO	100	614	614	0
20240328	yH181	Cg	wt	0.04	MO	100	718	718	0
20240328	yH181	Cg	wt	0.06	MO	100	540	540	0
20240328	yH181	Cg	wt	0.08	MO	100	310	310	0
20240328	yH181	Cg	wt	0.1	MO	100	215	215	0
20240328	yH181	Cg	wt	1	MO	100	0	0	0
20240329	yH181	Cg	wt	0	MM	1000	71	71	0
20240329	yH181	Cg	wt	0.02	MO	100	728	728	0
20240329	yH181	Cg	wt	0.04	MO	100	612	612	0
20240329	yH181	Cg	wt	0.06	MO	100	331	331	0
20240329	yH181	Cg	wt	0.08	MO	100	79	79	0
20240329	yH181	Cg	wt	0.1	MO	100	4	4	0
20240329	yH181	Cg	wt	1	MO	100	0	0	0